date,usa_precip_act,usa_precip_norm,shock_precip,zscore_shock_precip,usa_wind_act,usa_wind_norm,shock_wind,zscore_shock_wind
1/5/2020,3.23176467,2.463278283,0.768486387,0.99232282,21.9619661,17.66401666,4.297949437,1.901640847
1/12/2020,3.141736706,2.183199946,0.958536761,0.466558264,23.55887667,17.83586659,5.72301008,1.834694902
1/19/2020,2.568347358,2.013021663,0.555325695,0.579232678,21.5952724,17.83889876,3.756373638,2.726055296
1/26/2020,2.618207287,2.074181944,0.544025343,0.292158407,17.53115299,17.92142893,-0.390275937,-0.188549646
2/2/2020,1.255182081,2.378339891,-1.123157809,-1.080186638,17.00652449,17.65048416,-0.643959672,-0.435830051
2/9/2020,4.095518219,2.283419053,1.812099166,1.631747105,20.96569858,18.55951469,2.406183892,1.167786237
2/16/2020,3.676750723,2.701378802,0.975371921,0.868273572,20.30426613,18.88131165,1.42295449,0.609451673
2/23/2020,2.045658278,2.143922632,-0.098264354,-0.137141917,18.84978648,18.63146829,0.218318196,0.092826041
3/1/2020,1.896358543,2.671920629,-0.775562085,-0.61316413,21.54867751,19.02938242,2.519295088,1.111620489
3/8/2020,2.015126072,2.415131886,-0.400005814,-0.267177343,23.35685228,19.46465195,3.89220033,3.332399136
3/15/2020,2.771428603,2.68409869,0.087329913,0.201161408,20.5218448,19.88711047,0.634734328,0.457721586
3/22/2020,3.522969247,2.489681107,1.03328814,1.945623487,19.60063677,19.73471467,-0.1340779,-0.124584297
3/29/2020,3.601120485,3.113973069,0.487147416,0.840220545,20.87190183,20.86288588,0.009015942,0.004576345
4/5/2020,1.925210133,2.541506802,-0.616296669,-0.448746013,19.52745514,19.83456039,-0.307105246,-0.140857134
4/12/2020,2.504761914,2.56710614,-0.062344226,-0.0962558,22.9959185,19.48211541,3.513803086,1.487820911
4/19/2020,3.655462162,2.977049566,0.678412596,0.895642002,22.34310215,19.14375051,3.199351632,1.998432295
4/26/2020,3.513725461,2.755889506,0.757835955,0.910002495,21.32773438,18.66844097,2.659293415,1.541076098
5/3/2020,3.539775956,2.722183349,0.817592607,0.859197728,22.5380111,18.59532032,3.942690782,2.475776595
5/10/2020,2.047338943,2.830272292,-0.78293335,-0.680888069,23.03269575,18.00170653,5.030989211,2.075778569
5/17/2020,3.180392155,2.940719996,0.239672159,0.347396045,20.40292556,17.98911176,2.413813808,1.907218526
5/24/2020,3.522408984,2.567510726,0.954898257,0.81210905,19.91502688,17.77837261,2.13665427,1.891662321
5/31/2020,2.642577018,2.703252508,-0.06067549,-0.057033738,18.64192247,17.00372416,1.638198311,1.327750222
6/7/2020,2.117927188,2.746863916,-0.628936727,-0.703441818,19.75063427,16.40037872,3.350255548,2.719736565
6/14/2020,2.54873949,2.940858203,-0.392118713,-0.438050483,21.53918319,16.23402099,5.305162199,3.157033424
6/21/2020,2.149299719,2.566303923,-0.417004204,-0.391132052,17.86376604,16.26391461,1.599851424,1.438407389
6/28/2020,3.177591038,2.466751534,0.710839504,0.815419274,19.06942714,15.77051701,3.298910125,2.4025598
7/5/2020,2.550140057,2.606147371,-0.056007314,-0.048266126,16.38464529,15.65635932,0.728285971,0.719570303
7/12/2020,3.516526588,2.539302092,0.977224495,1.000660374,18.00880298,15.41950168,2.589301301,5.475928569
7/19/2020,1.832773116,2.482985004,-0.650211889,-1.397931662,18.2373384,14.94181629,3.295522114,1.830827864
7/26/2020,3.125490245,2.529361858,0.596128386,0.918056809,16.7456452,15.02405318,1.721592019,1.717939543
8/2/2020,4.127730999,2.327682032,1.800048967,3.098766135,17.61444911,14.74740772,2.867041386,3.033887002
8/9/2020,3.083473438,2.37907295,0.704400489,0.891657535,17.71107253,14.4265365,3.284536026,3.27209987
8/16/2020,3.677591046,2.391208759,1.286382287,0.944314742,16.64642908,14.70854565,1.937883433,2.689705286
8/23/2020,1.586554621,2.145507336,-0.558952715,-0.557003128,15.35802996,14.69471465,0.663315306,0.70082376
8/30/2020,3.1686275,2.239352745,0.929274755,0.64680472,19.2032945,14.9661881,4.2371064,3.460437875
9/6/2020,2.592156915,2.658463029,-0.066306114,-0.056028461,18.15393576,15.88396531,2.269970446,2.482376659
9/13/2020,4.029692043,2.467292369,1.562399673,1.540261423,17.59920781,15.82906598,1.770141825,1.576110388
9/20/2020,2.698599433,2.027304769,0.671294664,0.902228868,18.56755291,16.06540519,2.502147729,2.929758081
9/27/2020,2.394397755,2.096769342,0.297628413,0.319051114,18.28672379,15.89396745,2.39275634,1.863584385
10/4/2020,2.303081212,2.140024801,0.163056411,0.191275588,18.26005534,16.20982836,2.050226985,2.038442057
10/11/2020,2.344817935,2.243602367,0.101215568,0.122107508,19.59058509,16.75905838,2.831526714,2.300367822
10/18/2020,3.122128885,2.313515741,0.808613144,0.863891344,21.06853003,17.16834849,3.900181548,3.16061568
10/25/2020,3.001960817,2.50357412,0.498386697,0.229753551,17.11723422,16.92364637,0.193587847,0.075048881
11/1/2020,4.209243607,2.470889311,1.738354295,1.244530881,19.69170485,16.5163717,3.175333147,1.389237885
11/8/2020,0.674509816,2.704398168,-2.029888352,-1.740683226,19.4929556,18.09642305,1.396532544,1.125363018
11/15/2020,3.957422935,2.520496757,1.436926177,1.241245312,21.66364963,17.92919041,3.734459214,2.268195199
11/22/2020,0.996078458,2.530292713,-1.534214255,-1.292031341,19.75925048,17.90408777,1.855162709,3.73542895
11/29/2020,3.412885172,2.065328634,1.347556538,1.198917787,18.65272262,17.38332549,1.269397126,0.585844286
12/6/2020,3.883193241,1.969334084,1.913859157,1.713323636,19.91686394,18.08050036,1.836363581,0.669435948
12/13/2020,1.546218505,2.432749606,-0.886531101,-0.803478239,17.27680771,18.11846929,-0.841661582,-0.46407057
12/20/2020,3.396918787,1.946892093,1.450026694,1.521719313,19.27854178,18.0044363,1.274105477,0.606131251
12/27/2020,3.020728309,2.213601319,0.80712699,1.075380835,22.90152933,17.97178821,4.92974112,1.681304405
1/3/2021,3.873389406,2.527936386,1.34545302,0,20.02764564,17.74219236,2.285453286,0
1/10/2021,1.045938393,2.223912223,-1.177973831,-1.521081354,16.76008744,17.67048138,-0.91039394,-0.402806578
1/17/2021,1.843977573,1.918886488,-0.074908915,-0.036461172,19.12676202,18.02162418,1.10513784,0.35428747
1/24/2021,1.111764731,2.13351657,-1.02175184,-1.065738647,19.98080885,17.81213881,2.168670036,1.573835567
1/31/2021,3.052100881,2.321086565,0.731014317,0.39257726,20.33259031,17.8175549,2.515035413,1.215060915
2/7/2021,2.722969152,2.476984118,0.245985034,0.236573832,21.75134288,18.37174818,3.3795947,2.287299958
2/14/2021,2.64649864,2.435926145,0.210572495,0.189614931,16.71119522,18.65860221,-1.947406994,-0.945129378
2/21/2021,3.436694714,2.297434598,1.139260117,1.014166422,19.13324334,18.61362472,0.519618617,0.222552751
2/28/2021,2.704481762,2.402261622,0.30222014,0.421791298,22.00629095,19.02299348,2.983297465,1.268459056
3/7/2021,1.263865522,2.433966983,-1.170101462,-0.925089375,20.15371578,19.39739103,0.756324752,0.333722752
3/14/2021,2.055462207,2.77943325,-0.723971043,-0.48356462,21.40946179,20.03002519,1.379436594,1.181037183
3/21/2021,3.099719931,2.392448983,0.707270948,1.629173962,21.66135099,19.53331155,2.128039438,1.534578395
3/28/2021,4.587394918,2.980521177,1.606873741,3.025652933,22.71503202,20.61063922,2.104392807,1.955387874
4/4/2021,1.708683468,2.770323012,-1.061639545,-1.831091223,22.20901981,20.11852001,2.090499801,1.061103705
4/11/2021,2.787114852,2.51250231,0.274612542,0.199954486,21.71351107,19.55673306,2.156778004,0.989229496
4/18/2021,2.49691878,2.82408135,-0.32716257,-0.505119666,19.15842035,19.01182043,0.146599924,0.062073607
4/25/2021,2.44733894,2.885752127,-0.438413187,-0.578794183,21.42383507,18.92574829,2.498086781,1.560396565
5/2/2021,2.724649887,2.699003724,0.025646164,0.030795679,21.83632752,18.67461638,3.161711143,1.832230111
5/9/2021,3.687675144,2.805645129,0.882030015,0.926914184,20.89709261,17.94389684,2.953195771,1.854432258
5/16/2021,1.775630272,2.907037678,-1.131407406,-0.983943019,17.56327934,17.93348519,-0.370205846,-0.152746374
5/23/2021,2.524369778,2.736809271,-0.212439493,-0.30792329,19.98342105,17.97707068,2.006350366,1.585270817
5/30/2021,4.355182164,2.602092725,1.753089439,1.49094397,19.83662844,17.14188498,2.694743458,2.385760175
6/6/2021,3.082633093,2.738480487,0.344152606,0.323496512,17.53695854,16.41829469,1.118663855,0.90667056
6/13/2021,4.084873993,2.909997948,1.174876044,1.314054188,17.96578268,16.22090697,1.744875705,1.416489634
6/20/2021,2.707002809,2.618271171,0.088731637,0.099125432,19.2705511,16.23540544,3.035145661,1.806175936
6/27/2021,3.573949607,2.518803297,1.05514631,0.989681968,20.44337139,15.90836236,4.535009021,4.077372679
7/4/2021,5.232493058,2.538006513,2.694486545,3.090903429,16.59182575,15.5886644,1.00316135,0.730591329
7/11/2021,5.515966367,2.612955945,2.903010422,2.50176375,18.18513201,15.57693142,2.608200593,2.576987287
7/18/2021,4.215966447,2.381558076,1.834408371,1.878401304,17.04822524,14.92174885,2.126476386,4.49713318
7/25/2021,2.825770288,2.610936839,0.214833449,0.461884019,15.80594923,14.99230733,0.813641904,0.452018897
8/1/2021,2.121848761,2.398055722,-0.276206961,-0.425367567,16.2706991,14.82950341,1.441195686,1.43813809
8/8/2021,2.639215701,2.317633174,0.321582528,0.553601077,16.09434601,14.43724761,1.657098395,1.753532163
8/15/2021,2.568067269,2.406184783,0.161882486,0.204917147,17.16988911,14.75401179,2.415877328,2.406730152
8/22/2021,5.655742319,2.134604463,3.521137856,2.584816676,17.38947882,14.59258573,2.796893089,3.881976591
8/29/2021,3.349579901,2.260642223,1.088937678,1.085139542,16.81594086,14.94387725,1.872063606,1.977923083
9/5/2021,5.666666623,2.626295788,3.040370835,2.116194588,17.61554282,15.74289829,1.87264453,1.529385728
9/12/2021,1.809523814,2.436829771,-0.627305956,-0.530071593,17.83015706,15.84542246,1.984734606,2.170450664
9/19/2021,3.987394929,2.175634844,1.811760085,1.78608855,18.19434038,16.10150351,2.09283687,1.863433701
9/26/2021,3.692997261,1.95627639,1.736720871,2.33417572,18.86604634,15.84767229,3.018374053,3.534206103
10/3/2021,2.816526631,2.247512757,0.569013873,0.60997036,15.94397942,16.13978903,-0.195809605,-0.152505174
10/10/2021,3.289355782,2.099330971,1.19002481,1.395975136,16.50721856,16.69257602,-0.185357467,-0.184292012
10/17/2021,2.50112047,2.40462278,0.09649769,0.116415812,19.68146175,17.21573047,2.465731279,2.003191022
10/24/2021,1.962464998,2.482271875,-0.519806877,-0.555341778,18.28273825,16.94667227,1.336065973,1.082716539
10/31/2021,6.61204485,2.402371236,4.209673614,1.940636594,22.86845217,16.28646011,6.581992053,2.551663994
11/7/2021,1.218207307,2.822661803,-1.604454496,-1.148668699,16.08921827,18.23144328,-2.142225011,-0.937243434
11/14/2021,2.694117665,2.445254295,0.24886337,0.213406956,20.43720837,17.70717764,2.73003073,2.199931276
11/21/2021,1.178431387,2.579656124,-1.401224737,-1.2104057,19.81870808,18.0455336,1.773174476,1.076971418
11/28/2021,1.484593849,2.040880143,-0.556286294,-0.468473894,19.30656192,17.33542383,1.971138096,3.96894907
12/5/2021,0.818767509,2.039197498,-1.220429989,-1.085813604,17.87117977,18.01834108,-0.147161313,-0.067916976
12/12/2021,3.333053288,2.344219257,0.988834031,0.885223299,22.99722938,18.12215941,4.875069966,1.777179158
12/19/2021,2.499439762,1.998828579,0.500611182,0.453712442,20.71636736,18.10133231,2.615035056,1.441863136
12/26/2021,1.755742288,2.183206578,-0.42746429,-0.448599097,19.97527872,18.0176904,1.957588317,0.931285108
1/2/2022,4.849859912,2.379861414,2.469998498,3.290918381,20.22653669,17.66297715,2.563559546,0.874310405
1/9/2022,3.038655521,2.352409724,0.686245797,0.886128078,21.80424316,17.73000752,4.074235636,1.802657993
1/16/2022,1.686554637,1.957260918,-0.270706281,-0.131763598,20.05599221,17.91267027,2.143321938,0.687110765
1/23/2022,1.903641398,2.085744989,-0.182103591,-0.18994322,20.32630091,17.72491667,2.601384235,1.887862591
1/30/2022,1.183473391,2.373748293,-1.190274901,-0.639214375,18.84210088,18.01050609,0.831594788,0.401759084
2/6/2022,4.178431409,2.378422967,1.800008442,1.731141476,19.75813078,18.05345427,1.704676511,1.153720152
2/13/2022,0.953501426,2.514171279,-1.560669854,-1.405341696,20.01036186,18.69049322,1.319868646,0.640568015
2/20/2022,2.09439776,2.36037406,-0.2659763,-0.236771417,24.19335749,18.79318108,5.400176412,2.312896563
2/27/2022,3.124369759,2.236707649,0.887662109,1.238859044,21.34764215,18.91074294,2.436899209,1.036137665
3/6/2022,1.497759113,2.5337971,-1.036037987,-0.819097971,20.13110608,19.39687572,0.734230355,0.323973762
3/13/2022,3.540896358,2.746878034,0.794018324,0.530351556,22.40817117,19.93297851,2.475192658,2.119194588
3/20/2022,2.51596645,2.391863649,0.1241028,0.285866473,20.74657653,19.57711926,1.169457266,0.843322648
3/27/2022,3.493837607,2.867696665,0.626140942,1.178988199,23.30534831,20.46052092,2.844827386,2.643394786
4/3/2022,2.528571454,2.944297271,-0.415725817,-0.717034232,23.01419529,20.30376062,2.710434667,1.375772563
4/10/2022,4.09719893,2.43321138,1.66398755,1.211604436,24.96241984,19.56356365,5.398856184,2.476243625
4/17/2022,2.968907589,2.702951133,0.265956456,0.410621045,24.41906426,18.90662677,5.512437484,2.334086333
4/24/2022,2.970028128,2.982702291,-0.012674164,-0.016732463,24.75533352,19.08633138,5.669002149,3.541066527
5/1/2022,2.397479,2.694523457,-0.297044457,-0.356688272,22.02550782,18.78484282,3.240664992,1.877984329
5/8/2022,4.831372544,2.862557902,1.968814642,2.069002399,21.37239722,17.97734278,3.395054436,2.131893363
5/15/2022,2.1411765,2.829751638,-0.688575138,-0.598828235,20.61292314,17.92023655,2.692686596,1.110998433
5/22/2022,2.991876786,2.836416406,0.15546038,0.225334146,21.77623816,18.0019789,3.774259261,2.982142683
5/29/2022,4.064425774,2.56903814,1.495387634,1.271777198,20.71846454,17.26060144,3.457863097,3.061379384
6/5/2022,2.889635899,2.675831966,0.213803933,0.200971387,18.56508478,16.48964011,2.07544467,1.682135857
6/12/2022,3.947899244,2.900341427,1.047557817,1.171653592,19.11836545,16.31527665,2.803088796,2.275546741
6/19/2022,1.942857145,2.675316713,-0.732459568,-0.818257984,22.18036671,16.16272491,6.017641797,3.58102082
6/26/2022,1.784033615,2.60548154,-0.821447925,-0.77048291,18.63130916,16.01735458,2.613954573,2.350175471
7/3/2022,3.086834785,2.482129881,0.604704905,0.693669993,18.66411576,15.55173081,3.112384949,2.266715576
7/10/2022,4.346778694,2.590111117,1.756667578,1.51386548,18.13195161,15.63796215,2.493989468,2.464142969
7/17/2022,2.163865573,2.320672546,-0.156806973,-0.160567531,18.35309938,14.95894586,3.394153521,7.178053101
7/24/2022,2.271708698,2.642510477,-0.37080178,-0.797210198,20.4408695,14.99485442,5.446015078,3.025534592
7/31/2022,3.796638654,2.491979844,1.30465881,2.009216355,17.92535648,14.87234245,3.053014023,3.046536845
8/7/2022,3.473669473,2.283119704,1.190549768,2.049519414,18.75144278,14.4808327,4.270610077,4.519135465
8/14/2022,2.930812391,2.410240968,0.520571424,0.658959555,16.92203836,14.77255663,2.149481732,2.141343203
8/21/2022,3.007843192,2.171488546,0.836354645,0.613955921,16.3791142,14.49867557,1.880438635,2.609974186
8/28/2022,3.53221299,2.227218091,1.304994899,1.30044317,15.56859448,14.9869307,0.581663778,0.614555088
9/4/2022,2.470868378,2.589786085,-0.118917707,-0.082770498,16.95909849,15.58999372,1.369104771,1.11814563
9/11/2022,4.575630235,2.469167097,2.106463138,1.779954836,16.29790052,15.85673208,0.44116844,0.482449558
9/18/2022,1.776750704,2.274015348,-0.497264645,-0.490218708,16.99198148,16.06917801,0.922803466,0.821651751
9/25/2022,1.94089639,1.824723969,0.116172421,0.156137263,19.15805324,15.8188741,3.339179136,3.909835917
10/2/2022,2.378431364,2.375033136,0.003398227,0.003642825,19.33387281,16.03879449,3.295078318,2.566352619
10/9/2022,2.259383691,2.010985812,0.248397879,0.291386582,16.32691909,16.68813471,-0.361215622,-0.359139315
10/16/2022,2.297198904,2.484702599,-0.187503696,-0.226206399,19.50917802,17.23833614,2.27084188,1.844860429
10/23/2022,1.239215712,2.47918499,-1.239969278,-1.324735733,19.18515395,16.90430155,2.280852392,1.8483493
10/30/2022,2.51176468,2.285996673,0.225768007,0.104077821,17.91434516,16.2722152,1.642129965,0.636610295
11/6/2022,2.582352946,2.817079023,-0.234726077,-0.16804621,20.321522,18.1313138,2.190208204,0.958236529
11/13/2022,3.192717089,2.523867079,0.66885001,0.573556665,21.22528472,17.73415815,3.491126564,2.813242515
11/20/2022,1.568907548,2.621623459,-1.05271591,-0.909356868,19.72300195,18.0264722,1.696529755,1.030419781
11/27/2022,2.395238106,1.966426512,0.428811593,0.361121673,18.01981822,17.28551099,0.734307233,1.478550903
12/4/2022,2.797759089,2.107409553,0.690349536,0.61420231,21.89611046,18.00682491,3.889285553,1.794958939
12/11/2022,2.939775937,2.066394362,0.873381574,0.781868033,16.01445666,18.08156697,-2.067110307,-0.75355336
12/18/2022,4.052381001,2.256190832,1.79619017,1.627917749,20.89147817,18.14497781,2.746500357,1.514349726
12/25/2022,2.857142895,2.18504156,0.672101335,0.705331554,22.17336158,17.99636364,4.176997939,1.987126681
1/1/2023,2.994117662,2.275163537,0.718954124,0.957903151,18.66300258,17.73596811,0.927034463,0.316168149
1/8/2023,3.242296897,2.390455804,0.851841093,1.099956186,17.43287056,17.67211948,-0.239248919,-0.105856415
1/15/2023,2.480952431,1.984576653,0.496375778,0.241605988,20.08447261,17.91069675,2.173775863,0.69687375
1/22/2023,3.635574273,2.12495221,1.510622063,1.57565492,19.48567614,17.83901341,1.646662735,1.195007233
1/29/2023,3.547899207,2.37118409,1.176715118,0.631932352,21.67101865,17.95616283,3.714855813,1.794716718
2/5/2023,1.403081226,2.232378206,-0.82929698,-0.797568702,18.51813403,17.79694777,0.721186262,0.488096785
2/12/2023,2.319607857,2.505037715,-0.185429858,-0.166974656,21.5985972,18.64923416,2.949363044,1.431405797
2/19/2023,2.422128879,2.524161391,-0.102032512,-0.090829079,23.07291809,19.02486267,4.048055425,1.733782893
2/26/2023,2.762745135,2.110456303,0.652288831,0.910362073,23.11873292,18.79836551,4.320367412,1.836963707
3/5/2023,4.146218491,2.608519669,1.537698822,1.215714097,23.88602719,19.39823235,4.487794833,1.980206571
3/12/2023,2.357983164,2.69432139,-0.336338226,-0.224651619,20.70742906,19.73111608,0.976312985,0.835893395
3/19/2023,2.850980372,2.481840864,0.369139509,0.850299984,23.3568881,19.63429885,3.722589256,2.684445102
3/26/2023,3.654901985,2.787227173,0.867674811,1.633782898,21.18165565,20.54713302,0.634522624,0.589594225
4/2/2023,2.864145694,2.919031009,-0.054885315,-0.094664917,23.2474734,20.2060126,3.041460798,1.543796044
4/9/2023,3.142857168,2.468568415,0.674288753,0.490971969,21.28220331,19.68780439,1.59439892,0.731288263
4/16/2023,1.896078452,2.646198745,-0.750120294,-1.158141385,20.56136644,18.94831853,1.613047904,0.682999685
4/23/2023,2.919887972,2.993527171,-0.073639199,-0.097218654,22.30877438,19.15924389,3.149530484,1.96731218
4/30/2023,4.647058849,2.671679077,1.975379772,2.372017993,20.2071591,18.76279521,1.44436388,0.837017322
5/7/2023,1.906162462,2.857978571,-0.95181611,-1.000251508,20.85373618,18.0324429,2.821293279,1.771605295
5/14/2023,3.094397751,2.908417008,0.185980742,0.161740547,18.99833144,18.0749377,0.923393738,0.380990865
5/21/2023,2.743977593,2.83238367,-0.088406077,-0.128141382,18.32116716,17.90835638,0.412810781,0.326172784
5/28/2023,1.051260511,2.535653324,-1.484392813,-1.262426471,18.23169226,17.32063027,0.911061998,0.806598278
6/4/2023,1.350140062,2.704902677,-1.354762615,-1.273449546,17.77698624,16.60245571,1.174530526,0.951950174
6/11/2023,2.100000013,2.816719072,-0.716719059,-0.801623018,17.39812755,16.36849139,1.029636154,0.835858356
6/18/2023,3.534173696,2.791857937,0.742315759,0.829268704,19.12503365,16.10247608,3.022557572,1.798684927
6/25/2023,4.438935681,2.654634878,1.784300803,1.6735976,19.02610239,16.14145829,2.884644098,2.593549204
7/2/2023,3.682352994,2.404818301,1.277534693,1.465487505,17.83254406,15.51555514,2.316988921,1.687437435
7/9/2023,4.073949637,2.565565339,1.508384298,1.29989928,16.44429637,15.6780059,0.766290467,0.757119984
7/16/2023,4.686274568,2.39190649,2.294368078,2.349391803,17.92849327,15.03668235,2.891810928,6.115684593
7/23/2023,1.889355758,2.665044246,-0.775688488,-1.667701738,16.66279668,15.03376065,1.629036029,0.90501124
7/30/2023,2.632212925,2.481885211,0.150327714,0.231509495,18.29678665,14.91503392,3.381752733,3.374578112
8/6/2023,2.730252131,2.180275901,0.54997623,0.946778532,17.08323372,14.49787736,2.58535636,2.735809499
8/13/2023,3.51148462,2.411206374,1.100278246,1.392774997,19.05666295,14.77426437,4.282398584,4.266184245
8/20/2023,2.435014084,2.214087513,0.220926571,0.16217902,18.03542412,14.41311305,3.622311062,5.027623975
8/27/2023,2.192436979,2.300965008,-0.108528029,-0.108149491,17.03579567,15.01746615,2.018329525,2.132459893
9/3/2023,2.026890741,2.500906799,-0.474016058,-0.329930219,17.71475715,15.38631019,2.328446962,1.90163883
9/10/2023,2.326610691,2.526097429,-0.199486738,-0.168565677,16.14740466,15.9525645,0.194840162,0.213071792
9/17/2023,3.189355753,2.333303524,0.856052228,0.84392249,15.33915924,16.00847705,-0.66931781,-0.595951544
9/24/2023,3.380392163,1.816011782,1.564380381,2.102547832,17.99657068,15.89580227,2.100768415,2.459784116
10/1/2023,2.663305369,2.325810842,0.337494527,0.361786712,17.50879932,15.8660015,1.642797821,1.279483546
10/8/2023,2.250700307,2.055856619,0.194843688,0.228564095,17.98179473,16.73174306,1.250051672,1.242866239
10/15/2023,2.994117607,2.473760741,0.520356867,0.627763908,19.12821028,17.18881241,1.939397866,1.575591155
10/22/2023,1.627731089,2.405697989,-0.7779669,-0.831150069,17.42920631,16.81374486,0.615461447,0.498755526
10/29/2023,2.753221322,2.354550308,0.398671014,0.183785165,17.80481604,16.48241808,1.322397954,0.512658663
11/5/2023,1.045378176,2.618767087,-1.573388912,-1.126428078,17.59473247,17.7774542,-0.182721726,-0.07994246
11/12/2023,1.682072843,2.704529251,-1.022456408,-0.876783552,18.19418487,17.86937195,0.324812919,0.261742878
11/19/2023,1.440056017,2.587647713,-1.147591696,-0.991312452,17.73716809,17.86560465,-0.128436561,-0.078008401
11/26/2023,3.44285714,2.034578807,1.408278333,1.185974995,18.9157862,17.50392931,1.41185689,2.842818624
12/3/2023,2.953781548,2.082414762,0.871366785,0.775252918,18.4078252,17.83087315,0.57695205,0.266271331
12/10/2023,3.074789918,2.010880715,1.063909203,0.952432042,19.50063865,18.19605633,1.304582311,0.475578096
12/17/2023,3.078991615,2.262084393,0.816907223,0.740376932,17.18195492,18.10016734,-0.918212416,-0.506278733
12/24/2023,3.940056099,2.21627637,1.723779729,1.809007321,17.37113896,17.97143416,-0.600295203,-0.285578933
12/31/2023,3.129411769,2.290749683,0.838662086,1.117396823,17.15542214,17.82636398,-0.670941838,-0.228826918
1/7/2024,2.358823591,2.358896501,-7.29E-05,-9.41E-05,17.54595875,17.54549104,0.000467713,0.000206941
1/14/2024,7.079271743,2.033866696,5.045405047,2.455800879,26.63239798,17.98149685,8.650901129,2.773324523
1/21/2024,1.537815137,2.159838103,-0.622022966,-0.648801292,19.34727621,17.87863848,1.468637728,1.065811882
1/28/2024,5.981512695,2.214018588,3.767494108,2.023260667,16.96225808,17.84251339,-0.880255308,-0.425267896
2/4/2024,1.948179263,2.32953708,-0.381357817,-0.366767355,17.37029003,17.7220911,-0.351801069,-0.23809795
2/11/2024,1.854341725,2.32351169,-0.469169965,-0.422475075,17.70970511,18.54158007,-0.831874965,-0.40373146
2/18/2024,2.265826366,2.640295022,-0.374468656,-0.333351033,19.83832473,19.06784712,0.770477611,0.329995704
2/25/2024,1.255742277,2.14695065,-0.891208373,-1.243808361,18.67485249,18.79070389,-0.115851403,-0.049258501
3/3/2024,3.346778743,2.784654616,0.562124127,0.444418774,24.14757228,19.28817666,4.859395623,2.144172696
3/10/2024,5.754902009,2.407614586,3.347287424,2.235765903,20.19002656,19.43446831,0.755558254,0.646889024
3/17/2024,1.947899183,2.538724478,-0.590825295,-1.360945462,20.36668403,19.65753373,0.709150303,0.511384665
3/24/2024,3.342296923,2.804744162,0.537552761,1.012181634,21.81092502,20.31886256,1.492062457,1.386414564
3/31/2024,3.257983224,2.912367591,0.345615632,0.596109813,21.31150312,20.49763124,0.813871877,0.413108131
4/7/2024,3.997759079,2.489780201,1.507978878,1.098009356,24.07004212,19.89996505,4.170077071,1.91265083
4/14/2024,3.723809576,2.559049139,1.164760437,1.798321253,22.69629474,19.05293198,3.643362765,1.542679307
4/21/2024,2.28627449,3.064911285,-0.778636795,-1.027958239,21.30049068,19.28481756,2.015673127,1.259063316
4/28/2024,2.67170873,2.716927563,-0.045218833,-0.054298362,21.73024612,18.5749452,3.155300915,1.828515347
5/5/2024,3.675070092,2.828298311,0.846771781,0.889861752,19.6831611,18.38229388,1.300867218,0.816867665
5/12/2024,3.219607878,2.893456754,0.326151124,0.283641525,20.330358,18.07722101,2.253136989,0.929640927
5/19/2024,4.48487396,2.811336502,1.673537458,2.425731454,18.62653469,17.94842141,0.678113276,0.535795346
5/26/2024,3.009523869,2.578844778,0.430679091,0.366278171,20.34415579,17.57576896,2.768386834,2.450959492
6/2/2024,3.068347392,2.749323256,0.319024136,0.299876256,19.05525728,16.75293381,2.302323468,1.866019807
6/9/2024,2.886274525,2.726004384,0.160270141,0.179256059,20.52604589,16.41990778,4.106138107,3.333361826
6/16/2024,1.229131641,2.874741486,-1.645609845,-1.838372319,18.1320793,16.05386579,2.078213505,1.236717984
6/23/2024,2.815406174,2.643576824,0.17182935,0.161168558,19.98210419,16.28090024,3.701203942,3.327708449
6/30/2024,3.110364115,2.36515198,0.745212135,0.854848857,20.3495173,15.60577178,4.743745524,3.454817461
7/7/2024,3.101960802,2.654208439,0.447752363,0.385865177,18.38645238,15.71468915,2.671763233,2.639789249
7/14/2024,3.057142884,2.461839245,0.595303639,0.60958026,17.70595413,15.19191138,2.514042752,5.316769632
7/21/2024,2.808403382,2.609286828,0.199116554,0.428093272,17.10459071,15.01263261,2.091958095,1.162187671
7/28/2024,3.508123245,2.434180924,1.073942321,1.653905573,16.15279406,15.00201436,1.150779707,1.148338249
8/4/2024,3.288795561,2.184810615,1.103984947,1.900498947,17.18877701,14.61936413,2.56941288,2.718938198
8/11/2024,4.674509832,2.456324133,2.218185699,2.807865729,18.90345751,14.62301135,4.280446161,4.264239215
8/18/2024,2.608403448,2.377245783,0.231157665,0.169689518,17.21347525,14.42246564,2.791009608,3.873810553
8/25/2024,1.227450986,2.192354075,-0.964903089,-0.961537576,17.70718018,14.91514724,2.792032941,2.949913874
9/1/2024,2.256582627,2.387673394,-0.131090767,-0.091243334,16.36356907,15.18003485,1.183534226,0.966590468
9/8/2024,1.651540613,2.518273157,-0.866732544,-0.732386319,17.18627665,15.96474338,1.221533261,1.335834861
9/15/2024,2.35154059,2.476527379,-0.124986788,-0.123215802,17.70709154,15.91240121,1.794690331,1.597968046
9/22/2024,2.198319319,1.939282641,0.259036678,0.348148706,17.06875501,15.91604076,1.152714252,1.349710034
9/29/2024,4.528851484,2.190078206,2.338773278,2.507113527,17.70499704,15.89335882,1.811638218,1.410983909
10/6/2024,0.734733922,1.933034464,-1.198300542,-1.405683097,16.96748947,16.39745872,0.570030755,0.566754156
10/13/2024,0.916246502,2.548975341,-1.632728839,-1.969740966,16.78436878,17.06344128,-0.279072505,-0.226722003
10/20/2024,0.65434174,2.303762184,-1.649420444,-1.762177691,18.86018378,17.07208654,1.788097237,1.449032076
10/27/2024,0.684033624,2.463654901,-1.779621276,-0.82039571,17.2722788,16.61456699,0.657711803,0.254977446
11/3/2024,2.780672287,2.511754828,0.268917459,0.192524667,20.11746202,17.20495891,2.912503114,1.274247292
11/10/2024,3.114005659,2.58489672,0.52910894,0.453724982,19.28062516,17.83576681,1.444858345,1.164305232
11/17/2024,2.4529412,2.680608122,-0.227666922,-0.196663199,17.70725695,17.99215187,-0.284894918,-0.173036375
11/24/2024,3.288515455,2.335903232,0.952612223,0.802237917,19.16994003,17.91301137,1.256928657,2.530865714
12/1/2024,1.299439791,2.114730645,-0.815290855,-0.725362298,15.48984135,17.53784681,-2.048005461,-0.945182774
12/8/2024,0.838935586,1.950622505,-1.111686919,-0.995203574,17.00004192,18.21315126,-1.213109341,-0.442232143
12/15/2024,3.980112069,2.209045111,1.771066958,1.605148154,17.99465845,17.85837291,0.13628554,0.075144345
12/22/2024,2.026610659,2.199724403,-0.173113744,-0.181672881,17.10515572,18.14155683,-1.036401104,-0.493047954
12/29/2024,3.112885159,2.298513715,0.814371444,1.08503303,15.22143125,17.92334661,-2.701915362,-0.921497111
1/5/2025,2.259663889,2.341225718,-0.081561829,-0.10531828,18.8787189,17.5786883,1.300030602,0.575202508
1/12/2025,1.872549088,2.183199946,-0.310650858,-0.151206225,18.52761245,17.83586659,0.691745868,0.221761381
1/19/2025,1.246498591,2.013021663,-0.766523072,-0.799522183,17.45048303,17.83889876,-0.388415728,-0.281878975
1/26/2025,0.738375352,2.074181944,-1.335806592,-0.717369386,16.3116177,17.92142893,-1.609811227,-0.777730084
2/2/2025,2.501120465,2.378339891,0.122780574,0.118083082,18.17943583,17.65048416,0.528951665,0.357992964
2/9/2025,1.812885147,2.283419053,-0.470533906,-0.423703268,17.27515814,18.55951469,-1.284356551,-0.623333033
2/16/2025,5.224929971,2.701378802,2.523551168,2.246458751,18.13886035,18.88131165,-0.742451295,-0.317992028
2/23/2025,1.463305305,2.143922632,-0.680617327,-0.949898528,16.57974931,18.63146829,-2.051718977,-0.872364069
3/2/2025,0.739495801,2.623603102,-1.884107301,-1.48958676,18.3462881,19.16508758,-0.818799483,-0.36128927
3/9/2025,3.063025194,2.402684546,0.660340648,0.441063739,21.65542666,19.43578949,2.219637168,1.900394726
3/16/2025,2.566666663,2.61984378,-0.053177117,-0.122491634,19.58593118,19.79354388,-0.207612699,-0.149714313
3/23/2025,2.633893604,2.61037881,0.023514794,0.044277035,21.88881345,19.94166864,1.947144812,1.809274077
3/30/2025,2.539215705,3.056889652,-0.517673948,-0.892871999,18.64256658,20.82787568,-2.185309101,-1.109227365
4/6/2025,5.867507086,2.498009481,3.369497604,2.453442783,20.28692824,19.82256067,0.464367571,0.212987195
4/13/2025,2.484033635,2.552985053,-0.068951418,-0.106456913,18.53083484,19.26124236,-0.730407521,-0.309270485
4/20/2025,1.526330536,3.072248218,-1.545917683,-2.040924381,20.14158525,19.25457697,0.887008282,0.554057885
4/27/2025,2.877591102,2.680476744,0.197114358,0.236693121,17.35657957,18.51318123,-1.156601662,-0.670257432
5/4/2025,3.142296968,2.811304565,0.330992403,0.347835729,18.21529129,18.57921343,-0.363922144,-0.22852158
5/11/2025,4.896918789,2.871195705,2.025723083,1.761696163,16.18223787,18.01362223,-1.831384353,-0.755626425
5/18/2025,3.528011247,2.885368675,0.642642572,0.931486949,19.05746652,17.99433603,1.063130484,0.840007688
5/25/2025,3.770028064,2.553593773,1.216434291,1.034536704,18.24348513,17.66674037,0.576744761,0.510614351
6/1/2025,4.673529362,2.699325665,1.974203697,1.855711676,15.81551066,16.94591226,-1.130401604,-0.916183938
