date,population_sum,weighted_actual_sum,weighted_normal_sum,usa_w_avg_actual,usa_w_avg_normal,daily_shock_c,week_of_year,shock_zscore
1/5/2020,9947331.6,75666992.02,50244085.74,7.606762805,5.051011444,2.555751361,1,1.334672833
1/12/2020,9947331.6,74362860.95,38982577.3,7.475659195,3.918897938,3.556761257,2,1.543510126
1/19/2020,9947331.6,66902305.4,38726841.39,6.725653481,3.893188942,2.832464538,3,0.912965787
1/26/2020,9947331.6,44525316.89,38936356.63,4.476106626,3.914251399,0.561855227,4,0.172824961
2/2/2020,9947331.6,63639368.52,37864509.31,6.397632157,3.806499153,2.591133004,5,1.361291918
2/9/2020,9947331.6,65260284.04,39872626.11,6.560581939,4.008374076,2.552207864,6,0.961103595
2/16/2020,9947331.6,59846673.12,50069107.72,6.016354489,5.033420995,0.982933493,7,0.404685834
2/23/2020,9947331.6,61375422.15,56223027.28,6.170038822,5.652071283,0.517967539,8,0.179935249
3/1/2020,9947331.6,69037845.68,63777033.71,6.940338219,6.411471565,0.528866654,9,0.390847422
3/8/2020,9947331.6,98076908.26,68190952.59,9.859619866,6.855200503,3.004419363,10,1.834914602
3/15/2020,9947331.6,117801841,78127647.9,11.84255695,7.854131243,3.988425705,11,1.598575221
3/22/2020,9947331.6,110070626.9,93610847.58,11.06534208,9.410649141,1.654692936,12,1.206531033
3/29/2020,9947331.6,126685018.9,103738666.3,12.73557814,10.42879341,2.306784727,13,1.353572223
4/5/2020,9947331.6,118876381.2,116888671.2,11.95057991,11.75075647,0.199823438,14,0.138573627
4/12/2020,9947331.6,137941260.9,130135979.4,13.86716222,13.08250138,0.784660834,15,0.596497732
4/19/2020,9947331.6,110757690.9,140386147.5,11.13441225,14.11294538,-2.978533125,16,-1.499739359
4/26/2020,9947331.6,144268605.1,155529455.2,14.50324679,15.63529411,-1.132047324,17,-0.706919741
5/3/2020,9947331.6,164713670.8,168113818.3,16.55857846,16.90039349,-0.341815033,18,-0.274538875
5/10/2020,9947331.6,150443983.7,172469954.6,15.12405435,17.33831358,-2.214259233,19,-1.323418666
5/17/2020,9947331.6,170206728.9,183699647.3,17.1107927,18.46722867,-1.356435968,20,-1.214811545
5/24/2020,9947331.6,186352757.6,198537626.1,18.73394445,19.95888286,-1.22493841,21,-1.318536597
5/31/2020,9947331.6,209608345.7,210013700.9,21.07181646,21.1125666,-0.040750147,22,-0.057071597
6/7/2020,9947331.6,227517606.1,214212865.6,22.87222496,21.53470641,1.337518546,23,1.221949106
6/14/2020,9947331.6,226839605.6,219668164.3,22.80406593,22.08312471,0.720941215,24,0.685479742
6/21/2020,9947331.6,223243733.1,230314838.6,22.44257476,23.15342927,-0.71085451,25,-0.537533025
6/28/2020,9947331.6,239238382.7,243050975.7,24.05050845,24.43378641,-0.383277959,26,-0.621866277
7/5/2020,9947331.6,250103774,251456625.5,25.14280051,25.27880196,-0.136001452,27,-0.339272367
7/12/2020,9947331.6,260836345.6,253586841.8,26.22174027,25.49295148,0.728788791,28,1.011183615
7/19/2020,9947331.6,258126996.7,257980814.4,25.94937086,25.93467522,0.014695635,29,0.018084674
7/26/2020,9947331.6,255420088.9,256597986.3,25.67724684,25.79566024,-0.118413403,30,-0.175925289
8/2/2020,9947331.6,256539414.1,260249296.3,25.78977201,26.16272452,-0.372952505,31,-0.424985105
8/9/2020,9947331.6,243982057.1,258813161,24.52738753,26.01835059,-1.490963052,32,-2.35465001
8/16/2020,9947331.6,256147675.1,254283820.4,25.7503907,25.56301837,0.187372329,33,0.413624126
8/23/2020,9947331.6,248735061.1,249478321.9,25.00520452,25.07992414,-0.074719619,34,-0.065937386
8/30/2020,9947331.6,253926913.2,244695213.3,25.52713867,24.59908075,0.928057927,35,1.107556753
9/6/2020,9947331.6,242764918.2,240364953.2,24.40502921,24.16376199,0.24126722,36,0.272982096
9/13/2020,9947331.6,223250476,230161782.4,22.44325263,23.1380426,-0.694789979,37,-1.100714569
9/20/2020,9947331.6,204049000.9,218678183.4,20.51293845,21.98360245,-1.470663999,38,-1.784094375
9/27/2020,9947331.6,200501058.9,207852831.9,20.15626571,20.89533558,-0.73906987,39,-0.716115107
10/4/2020,9947331.6,180440428.7,194210354.4,18.13958115,19.52386451,-1.384283364,40,-0.8460509
10/11/2020,9947331.6,190020697.7,178098421.7,19.10268053,17.90414042,1.198540115,41,1.130705872
10/18/2020,9947331.6,170743948.5,159974300.2,17.1647991,16.08213204,1.082667066,42,0.995171267
10/25/2020,9947331.6,159704490.7,145060409.5,16.05500823,14.58284647,1.472161759,43,1.589864288
11/1/2020,9947331.6,123018601,130843770.6,12.36699509,13.15365526,-0.786660172,44,-0.293924144
11/8/2020,9947331.6,140509137.9,115650411.1,14.12530954,11.62627484,2.499034695,45,2.44415678
11/15/2020,9947331.6,134763204.3,103203352.8,13.54767386,10.37497863,3.172695227,46,1.045993526
11/22/2020,9947331.6,108577058.6,91554774.2,10.91519444,9.203953169,1.711241272,47,1.838082532
11/29/2020,9947331.6,103576343.5,79971381.26,10.41247519,8.039480785,2.372994408,48,1.748450732
12/6/2020,9947331.6,68006688.83,68305518.93,6.836676565,6.866717797,-0.030041232,49,-0.015536138
12/13/2020,9947331.6,75193341.09,63479123.72,7.559146927,6.381522832,1.177624095,50,0.755433336
12/20/2020,9947331.6,42552617.06,54931041.97,4.277792153,5.522188681,-1.244396529,51,-0.398681751
12/27/2020,9947331.6,55458500.17,50154517.07,5.575213776,5.042007152,0.533206624,52,0.446138358
1/3/2021,8911942.137,53260680.77,46922145.52,6.064388646,5.191406721,0.872981926,53,0
1/10/2021,9962992.8,46107263.44,41276942.62,4.627852732,4.143026442,0.484826289,1,0.25318757
1/17/2021,9962992.8,54753920.43,35927192.54,5.495730202,3.606064289,1.889665913,2,0.820048989
1/24/2021,9962992.8,54177160.26,42508484.51,5.437839949,4.266638084,1.171201865,3,0.37750419
1/31/2021,9962992.8,41281622.54,36382326.67,4.143496173,3.651746759,0.491749414,4,0.151260625
2/7/2021,9962992.8,37765690.22,41242556.99,3.79059696,4.139575107,-0.348978147,5,-0.183341083
2/14/2021,9962992.8,14373553.53,45081191.09,1.442694361,4.524864365,-3.082170004,6,-1.160675318
2/21/2021,9962992.8,9744413.125,55443738.41,0.978060842,5.56496823,-4.586907388,7,-1.888486308
2/28/2021,9962992.8,88922389.6,59156061.41,8.925268881,5.93757946,2.987689421,8,1.037884807
3/7/2021,9962992.8,68963579.05,69646453.08,6.921974193,6.990515248,-0.068541055,9,-0.050653779
3/14/2021,9962992.8,108147838.8,76558494.51,10.85495503,7.684286845,3.170668184,10,1.936449159
3/21/2021,9962992.8,90177940.09,90965349.22,9.0512903,9.130323694,-0.079033393,11,-0.031676865
3/28/2021,9962992.8,134611873.4,102931779.8,13.51118847,10.33141164,3.179776822,12,2.318556713
4/4/2021,9962992.8,113302231.2,115295518.9,11.37230885,11.57237802,-0.200069164,13,-0.117396331
4/11/2021,9962992.8,156782576.2,128448199.5,15.73649397,12.8925316,2.843962378,14,1.972232014
4/18/2021,9962992.8,131996520.9,139481822.4,13.24868175,13.9999923,-0.751310547,15,-0.571144904
4/25/2021,9962992.8,126030069,153561686.2,12.64982034,15.41320859,-2.763388246,16,-1.391410451
5/2/2021,9962992.8,176963198.5,168330791.1,17.76205223,16.89560501,0.866447224,17,0.541062758
5/9/2021,9962992.8,163651760.6,170978535.7,16.42596395,17.16136297,-0.735399019,18,-0.590657519
5/16/2021,9962992.8,162048710.2,181823041.5,16.26506346,18.24984171,-1.984778245,19,-1.186262448
5/23/2021,9962992.8,203425424.9,197879675,20.41810418,19.86146924,0.556634938,20,0.498517118
5/30/2021,9962992.8,198050080.9,208223128.6,19.87857313,20.89965663,-1.021083506,21,-1.099105033
6/6/2021,9962992.8,215426474,214569643.1,21.62266683,21.53666547,0.08600136,22,0.12044705
6/13/2021,9962992.8,236012870,219374868.6,23.68895318,22.01897291,1.669980275,23,1.525684193
6/20/2021,9962992.8,241780799.8,228544801.2,24.26788864,22.93937231,1.328516333,24,1.263169609
6/27/2021,9962992.8,233818547.5,241988939,23.46870586,24.28877988,-0.820074019,25,-0.62012249
7/4/2021,9962992.8,243041795.1,250806177.4,24.39445656,25.17377885,-0.779322287,26,-1.264445915
7/11/2021,9962992.8,246057148.6,254525910.2,24.69711196,25.54713381,-0.850021846,27,-2.120484147
7/18/2021,9962992.8,248397166.5,257895642.1,24.93198293,25.88535868,-0.953375743,28,-1.322794673
7/25/2021,9962992.8,247357853.6,256881830.2,24.8276656,25.7836009,-0.9559353,29,-1.176388645
8/1/2021,9962992.8,252102473.7,260672986.4,25.30388998,26.16412474,-0.860234762,30,-1.278039866
8/8/2021,9962992.8,240184722.6,259852107.3,24.10768807,26.08173192,-1.974043854,31,-2.249453277
8/15/2021,9962992.8,258110210.2,255747119.4,25.90689519,25.66970834,0.237186847,32,0.374584743
8/22/2021,9962992.8,245266944.3,250315945.6,24.61779801,25.12457357,-0.506775562,33,-1.118706267
8/29/2021,9962992.8,256372053.5,245826036.9,25.73243388,24.67391494,1.058518939,34,0.934105027
9/5/2021,9962992.8,230818068.2,241531578.4,23.16754341,24.24287393,-1.07533052,35,-1.283313837
9/12/2021,9962992.8,232116747,232382872.7,23.29789368,23.3246051,-0.026711419,36,-0.030222668
9/19/2021,9962992.8,227183094.4,220231496,22.80269583,22.10495384,0.697741985,37,1.105391257
9/26/2021,9962992.8,201522144.9,210318409.1,20.22706921,21.10996298,-0.882893767,38,-1.071057566
10/3/2021,9962992.8,202751707.8,197601141.5,20.35048222,19.83351242,0.516969798,39,0.50091324
10/10/2021,9962992.8,199259308.6,179545293.2,19.99994506,18.02122081,1.978724251,40,1.209363254
10/17/2021,9962992.8,181028233.1,163389266.3,18.17006564,16.39961702,1.770448616,41,1.670245845
10/24/2021,9962992.8,157470137.7,147430298.6,15.80550552,14.79779235,1.007713176,42,0.926274781
10/31/2021,9962992.8,145414225.4,132717132.2,14.59543616,13.32101055,1.274425609,43,1.376318703
11/7/2021,9962992.8,103194459,118943863.9,10.35777713,11.93856768,-1.580790551,44,-0.590639422
11/14/2021,9962992.8,124046261.5,104669223.7,12.45070271,10.5058014,1.944901314,45,1.902191971
11/21/2021,9962992.8,103811400.3,93209320.85,10.41970042,9.355554372,1.064146053,46,0.350834165
11/28/2021,9962992.8,79675645.13,81591768.43,7.997159762,8.189483829,-0.192324068,47,-0.206579584
12/5/2021,9962992.8,97432780.76,70328235.18,9.779469153,7.058946703,2.72052245,48,2.00451356
12/12/2021,9962992.8,85289681.51,63687888.37,8.560648715,6.392445487,2.168203227,49,1.121309012
12/19/2021,9962992.8,92713290.11,56131832.54,9.30576705,5.634033234,3.671733816,50,2.355378205
12/26/2021,9962992.8,72188330.19,50946117.44,7.245647131,5.113535507,2.132111623,51,0.683089333
1/2/2022,8935686.934,78548605.86,46889076.55,9.002674276,5.176323543,3.826350734,52,3.201539058
1/9/2022,10020519.63,31143263.62,44402963.21,3.107948966,4.431203655,-1.323254689,1,-0.69103439
1/16/2022,10020519.63,36184015.36,35548318.65,3.610991914,3.547552418,0.063439496,2,0.027530525
1/23/2022,10020519.63,26731070.06,43857139.1,2.667633122,4.376733015,-1.709099894,3,-0.550880587
1/30/2022,10020519.63,14113501.59,37358415.39,1.408460052,3.728191428,-2.319731377,4,-0.713542323
2/6/2022,10020519.63,30791875.31,41107580.93,3.07288209,4.102340243,-1.029458153,5,-0.54084181
2/13/2022,10020519.63,61088854.42,44413914.45,6.096375905,4.432296536,1.664079368,6,0.626654548
2/20/2022,10020519.63,59809153.29,54585029.23,5.968667844,5.447325214,0.52134263,7,0.214643187
2/27/2022,10020519.63,62641388.94,58183627.78,6.251311435,5.806448161,0.444863274,8,0.154539769
3/6/2022,10020519.63,96130686.67,70380814.56,9.593383399,7.023669147,2.569714252,9,1.899091546
3/13/2022,10020519.63,68524064.89,75979781.14,6.838374398,7.58241927,-0.744044872,10,-0.454416856
3/20/2022,10020519.63,122521706.6,89195178.91,12.22708114,8.901252849,3.32582829,11,1.333003818
3/27/2022,10020519.63,116163331.1,101327163.6,11.59254564,10.11196698,1.480578658,12,1.079574379
4/3/2022,10020519.63,107851756.8,114805410.7,10.76309021,11.45703166,-0.693941448,13,-0.407190085
4/10/2022,10020519.63,128697215.3,127017499.9,12.84336741,12.67573984,0.167627568,14,0.116246424
4/17/2022,10020519.63,146246223.9,140158586.4,14.59467466,13.98715751,0.607517151,15,0.461833428
4/24/2022,10020519.63,147446683,151849284.9,14.71447475,15.15383339,-0.439358642,16,-0.221224146
5/1/2022,10020519.63,153725511.9,168878887.5,15.34107188,16.85330639,-1.512234515,17,-0.944331927
5/8/2022,10020519.63,169867084.3,171047579.9,16.95192371,17.06973153,-0.11780782,18,-0.094620843
5/15/2022,10020519.63,197998024.6,180990221.9,19.7592572,18.06195971,1.697297482,19,1.014440919
5/22/2022,10020519.63,208811687.5,197211004.3,20.83840911,19.68071633,1.157692779,20,1.036818978
5/29/2022,10020519.63,197041526.2,207568066.5,19.66380323,20.71430167,-1.050498442,21,-1.13076758
6/5/2022,10020519.63,221341145.9,215971793.9,22.08878921,21.55295352,0.535835688,22,0.750451247
6/12/2022,10020519.63,229164084,220327793.5,22.86948107,21.98766148,0.881819588,23,0.805625208
6/19/2022,10020519.63,246434008.7,227527290.5,24.59293708,22.7061369,1.88680018,24,1.793992731
6/26/2022,10020519.63,248864829.2,242227887.5,24.83552135,24.17318627,0.662335079,25,0.500843666
7/3/2022,10020519.63,247154457.1,251410037,24.66483439,25.08952093,-0.424686544,26,-0.689051467
7/10/2022,10020519.63,253658158.8,256057196.6,25.31387275,25.55328527,-0.239412519,27,-0.597244004
7/17/2022,10020519.63,253418332.3,258830412.5,25.28993921,25.83003897,-0.540099762,28,-0.749380391
7/24/2022,10020519.63,270788192.8,258595784.4,27.02336833,25.80662421,1.216744125,29,1.497343986
7/31/2022,10020519.63,256208292.3,261793886.8,25.5683639,26.12577955,-0.557415652,30,-0.828145359
8/7/2022,10020519.63,263828781.1,262031521.6,26.32885227,26.14949436,0.179357911,31,0.204381093
8/14/2022,10020519.63,251554301.3,258278826.5,25.10391782,25.77499331,-0.671075493,32,-1.059816951
8/21/2022,10020519.63,242109436.1,252212717.7,24.16136538,25.16962463,-1.00825925,33,-2.225730731
8/28/2022,10020519.63,244389890.5,247869366.5,24.38894384,24.73617893,-0.347235092,34,-0.306422524
9/4/2022,10020519.63,251504786.5,243935879.8,25.09897648,24.34363574,0.755340736,35,0.901433746
9/11/2022,10020519.63,236671323.5,235552062.9,23.61866772,23.50697086,0.111696861,36,0.126379552
9/18/2022,10020519.63,220330172.8,222935631.5,21.98789892,22.24791126,-0.260012334,37,-0.411922124
9/25/2022,10020519.63,216678709.6,213547275.2,21.62350034,21.31099814,0.312502199,38,0.379103191
10/2/2022,10020519.63,182272106.9,201553628.4,18.18988571,20.11408947,-1.924203762,39,-1.86443994
10/9/2022,10020519.63,169241954.7,182136129.5,16.88953876,18.17631582,-1.286777057,40,-0.786456672
10/16/2022,10020519.63,170962252.1,167970200,17.06121622,16.76262372,0.298592504,41,0.281692948
10/23/2022,10020519.63,139887232.4,150667411.5,13.96007767,15.03588807,-1.075810394,42,-0.988868718
10/30/2022,10020519.63,144043562.8,134869999.9,14.3748596,13.45938184,0.915477755,43,0.98867219
11/6/2022,10020519.63,158486028.8,122524751.1,15.81614873,12.22738497,3.588763764,44,1.34088944
11/13/2022,10020519.63,124883723.8,107095262.2,12.46279918,10.68759567,1.775203512,45,1.736220673
11/20/2022,10020519.63,51464890.51,96042047.25,5.135950271,9.584537608,-4.448587337,46,-1.466637424
11/27/2022,10020519.63,89519408.71,83239653.9,8.933609435,8.306919898,0.626689537,47,0.673141251
12/4/2022,10020519.63,82449820.59,73171977.53,8.228098305,7.30221388,0.925884425,48,0.682202746
12/11/2022,10020519.63,93314340.04,63561168.37,9.312325457,6.343101029,2.969224428,49,1.535565517
12/18/2022,10020519.63,52030923.64,58365150.58,5.192437674,5.82456327,-0.632125596,50,-0.405501849
12/25/2022,10020519.63,2665538.674,52588701.85,0.266008029,5.248101275,-4.982093246,51,-1.596171004
1/1/2023,8982703.378,57964133.32,46341273.71,6.844849358,5.100240299,1.744609059,52,1.459728716
1/8/2023,10104186.93,86353808.05,48167939.62,8.546339122,4.767126732,3.77921239,1,1.973592652
1/15/2023,10104186.93,65364194.68,35579644.31,6.469020727,3.521277324,2.947743404,2,1.279217654
1/22/2023,10104186.93,68147189.05,44035769.02,6.744450545,4.358170462,2.386280083,3,0.769150697
1/29/2023,10104186.93,49784920.51,39201508.4,4.927157509,3.879729133,1.047428376,4,0.322185786
2/5/2023,10104186.93,32337812.77,39921311.33,3.200436907,3.950967219,-0.750530312,5,-0.394302742
2/12/2023,10104186.93,79595531.41,43859243.43,7.877480094,4.340699923,3.536780171,6,1.331871196
2/19/2023,10104186.93,81576698.98,54623310.02,8.073554018,5.40600747,2.667546548,7,1.098261793
2/26/2023,10104186.93,89915478.94,57432667.51,8.898833678,5.684046416,3.214787261,8,1.11677567
3/5/2023,10104186.93,98416589.98,71075672.3,9.740179062,7.034279234,2.705899828,9,1.99973654
3/12/2023,10104186.93,93215394.91,75084948.4,9.225422645,7.431072774,1.794349871,10,1.095878565
3/19/2023,10104186.93,70997516.29,88521428.03,7.026544222,8.76086603,-1.734321808,11,-0.695122355
3/26/2023,10104186.93,105935078.2,100017924.5,10.48427537,9.898661338,0.585614032,12,0.427004605
4/2/2023,10104186.93,112867441.4,113993552.6,11.17036355,11.28181351,-0.111449958,13,-0.065396465
4/9/2023,10104186.93,131997320.7,125603092.6,13.06362616,12.4307966,0.632829555,14,0.438854859
4/16/2023,10104186.93,164469541.2,141443969.4,16.27736525,13.99855034,2.278814907,15,1.732350927
4/23/2023,10104186.93,145954149.6,150879997,14.44491779,14.93242337,-0.487505575,16,-0.245466902
4/30/2023,10104186.93,141501893.8,168432138,14.00428305,16.66953899,-2.665255939,17,-1.664349182
5/7/2023,10104186.93,155053627,171996071.2,15.34548283,17.02225744,-1.676774615,18,-1.346751231
5/14/2023,10104186.93,193899247.3,181416709.3,19.18999011,17.95460739,1.235382718,19,0.738363659
5/21/2023,10104186.93,191315324.4,196258211.9,18.93426218,19.42345418,-0.489192003,20,-0.438115847
5/28/2023,10104186.93,191049990.5,208048411.9,18.90800238,20.590317,-1.682314622,21,-1.810861166
6/4/2023,10104186.93,213041162,217195740.7,21.08444385,21.49561782,-0.411173975,22,-0.575859408
6/11/2023,10104186.93,210747561.9,221932966.9,20.85744883,21.96445576,-1.107006929,23,-1.011355043
6/18/2023,10104186.93,218206362.9,227517452.3,21.59563797,22.517146,-0.921508028,24,-0.876181125
6/25/2023,10104186.93,228966471.1,243172187.1,22.66055375,24.06647746,-1.405923711,25,-1.063129536
7/2/2023,10104186.93,246420179.3,252525205,24.3879276,24.99213512,-0.604207516,26,-0.980323209
7/9/2023,10104186.93,249722377.7,257654185.1,24.71474245,25.4997445,-0.785002043,27,-1.958284243
7/16/2023,10104186.93,259254893.3,260215236.6,25.65816479,25.75320888,-0.095044096,28,-0.131872271
7/23/2023,10104186.93,259300244.7,261489483.4,25.66265317,25.87931965,-0.216666484,29,-0.266633099
7/30/2023,10104186.93,267884848.8,263313562.3,26.51226177,26.05984669,0.452415078,30,0.672147339
8/6/2023,10104186.93,254655097.6,264599903.1,25.20292819,26.18715439,-0.984226198,31,-1.121540862
8/13/2023,10104186.93,255427099.7,261384869.9,25.27933236,25.86896617,-0.589633807,32,-0.931197623
8/20/2023,10104186.93,252365812.1,254983633.5,24.97636018,25.23544302,-0.259082835,33,-0.571924956
8/27/2023,10104186.93,258848285.3,250693357.3,25.61792325,24.81083921,0.807084044,34,0.712222743
9/3/2023,10104186.93,242339339.4,246958416.1,23.98405147,24.44119629,-0.457144817,35,-0.545562744
9/10/2023,10104186.93,250652285.5,239198963.7,24.80677438,23.67325203,1.133522353,36,1.282525274
9/17/2023,10104186.93,217016341.9,226672730.2,21.47786293,22.43354481,-0.955681875,37,-1.514030132
9/24/2023,10104186.93,208170993.2,216879351.5,20.60244873,21.46430514,-0.86185641,38,-1.045536693
10/1/2023,10104186.93,204978523.9,204930065.5,20.28649364,20.28169776,0.004795873,39,0.004646918
10/8/2023,10104186.93,198149995.2,186364553.3,19.61068185,18.44428993,1.166391916,40,0.712879282
10/15/2023,10104186.93,162481366.4,172967860.7,16.08059783,17.11843436,-1.037836531,41,-0.979097691
10/22/2023,10104186.93,159363998.4,153752091.8,15.77207542,15.21667135,0.555404071,42,0.510519061
10/29/2023,10104186.93,168477752.9,138286963.9,16.67405344,13.68610506,2.987948382,43,3.226841343
11/5/2023,10104186.93,109739070,125094343.3,10.86075215,12.38044626,-1.51969411,44,-0.567811625
11/12/2023,10104186.93,131510556.6,110551882.4,13.01545166,10.94119529,2.074256374,45,2.02870644
11/19/2023,10104186.93,120350195.7,98471546.67,11.91092332,9.745618064,2.165305255,46,0.713871052
11/26/2023,10104186.93,84035532.01,86039719.65,8.316901953,8.515254146,-0.198352193,47,-0.213054528
12/3/2023,10104186.93,76599455.78,75786089.4,7.580961864,7.500463909,0.080497954,48,0.059311858
12/10/2023,10104186.93,90079014.53,64101374.53,8.915018611,6.344040839,2.570977772,49,1.329608087
12/17/2023,10104186.93,74070834.46,61053357.13,7.330707059,6.04238199,1.288325069,50,0.826446834
12/24/2023,10104186.93,75733373.24,53098502.46,7.49524665,5.255098983,2.240147668,51,0.717702093
12/31/2023,9045653.061,69446643.8,46801535.15,7.42563014,5.116168455,2.309461685,52,1.932345543
1/7/2024,10203329.64,44523760.61,50540831.42,4.36365012,4.953366519,-0.589716399,1,-0.307963626
1/14/2024,10203329.64,41046053.16,37171658.35,4.022809672,3.643090997,0.379718676,2,0.164784639
1/21/2024,10203329.64,-10840896.78,43744692.18,-1.062486185,4.287295787,-5.349781972,3,-1.724352711
1/28/2024,10203329.64,84037653.87,40091755.02,8.236297055,3.929281561,4.307015494,4,1.324824878
2/4/2024,10203329.64,70766620.06,39592479.44,6.93563989,3.880348949,3.055290942,5,1.605144491
2/11/2024,10203329.64,79225634.93,43153191.54,7.764684444,4.229324452,3.535359992,6,1.331336388
2/18/2024,10203329.64,56384403.12,55133248.33,5.526078752,5.403456545,0.122622207,7,0.050485074
2/25/2024,10203329.64,77930243.13,57432425.02,7.637726691,5.628792467,2.008934224,8,0.697877863
3/3/2024,10203329.64,104342260.2,72825722.3,10.22629513,7.137446781,3.088848346,9,2.282746331
3/10/2024,10203329.64,111048053.2,71448489.36,10.88351128,7.002468006,3.881043271,10,2.37030258
3/17/2024,10203329.64,124478469.4,85010563.91,12.19978907,8.331649267,3.868139806,11,1.550364204
3/24/2024,10203329.64,90025792.45,99756941.7,8.823177887,9.776900798,-0.953722911,12,-0.695413792
3/31/2024,10203329.64,111874457.1,109881097.2,10.96450483,10.76914116,0.195363667,13,0.114635245
4/7/2024,10203329.64,116330870.8,123967794.8,11.40126556,12.14973927,-0.748473711,14,-0.519051808
4/14/2024,10203329.64,155948680.7,139830202.5,15.28409708,13.70436979,1.579727288,15,1.200905797
4/21/2024,10203329.64,160562142,147649006.8,15.7362496,14.47066908,1.26558052,16,0.637240157
4/28/2024,10203329.64,155604429.8,165458634,15.250358,16.21614118,-0.965783182,17,-0.603094219
5/5/2024,10203329.64,186455064.5,172738736.9,18.27394303,16.92964385,1.344299176,18,1.079713727
5/12/2024,10203329.64,187840662.1,181413468.6,18.4097416,17.77983021,0.629911387,19,0.376485497
5/19/2024,10203329.64,194677990,193655456.2,19.07984912,18.97963342,0.100215699,20,0.089752256
5/26/2024,10203329.64,216307120.3,206835313.4,21.19966011,20.27135462,0.928305488,21,0.999237798
6/2/2024,10203329.64,209990952.2,218222244.1,20.58063001,21.38735607,-0.806726062,22,-1.129839974
6/9/2024,10203329.64,233443742.4,221974882.6,22.87917284,21.75514175,1.124031096,23,1.026908222
6/16/2024,10203329.64,235984098,227686173.5,23.12814604,22.3148895,0.813256542,24,0.773254286
6/23/2024,10203329.64,260639461.9,241721743,25.54454978,23.69047669,1.85407309,25,1.402010542
6/30/2024,10203329.64,260886986.8,252881081.4,25.56880901,24.78417245,0.784636556,26,1.273068286
7/7/2024,10203329.64,259974201.7,259529674.5,25.47934947,25.4357826,0.043566872,27,0.108682927
7/14/2024,10203329.64,266849064.6,260801818,26.1531357,25.56046185,0.592673846,28,0.822326152
7/21/2024,10203329.64,260050720.2,265011372.8,25.48684884,25.97302862,-0.486179783,29,-0.5983003
7/28/2024,10203329.64,251602201.1,264798984.2,24.65883294,25.952213,-1.293380062,30,-1.92155834
8/4/2024,10203329.64,267541660.3,267298296,26.22101508,26.19716361,0.023851462,31,0.027179107
8/11/2024,10203329.64,254796875.7,264945706.4,24.97193413,25.96659284,-0.994658706,32,-1.570845857
8/18/2024,10203329.64,252011639.9,259175792.9,24.6989609,25.40109965,-0.702138745,33,-1.54997019
8/25/2024,10203329.64,236523888.6,254960235.9,23.18104942,24.98794461,-1.806895193,34,-1.59452025
9/1/2024,10203329.64,252210129.7,250334691.5,24.71841435,24.53460785,0.183806496,35,0.219357133
9/8/2024,10203329.64,231348362.1,244929140.7,22.67381044,24.00482483,-1.331014394,36,-1.505977888
9/15/2024,10203329.64,228521342.1,232806676.7,22.39674206,22.8167358,-0.419993745,37,-0.665371189
9/22/2024,10203329.64,226467955.8,222228435.1,22.19549537,21.77999172,0.415503654,38,0.504056489
9/29/2024,10203329.64,215253574.7,209948211.9,21.09640502,20.57644115,0.519963873,39,0.503814322
10/6/2024,10203329.64,210216343.7,193214425.9,20.60272001,18.93640927,1.666310743,40,1.018421329
10/13/2024,10203329.64,186674624.9,181050111.1,18.29546153,17.74421855,0.551242975,41,0.520044061
10/20/2024,10203329.64,148398328.4,159254203.1,14.54410802,15.60806214,-1.063954126,42,-0.977970615
10/27/2024,10203329.64,172592550.9,144640318.3,16.91531656,14.17579588,2.739520681,43,2.958551307
11/3/2024,10203329.64,165670860.7,129699262.2,16.23694094,12.71146447,3.525476464,44,1.317243059
11/10/2024,10203329.64,158768933.1,115099860.2,15.56050218,11.28061763,4.279884553,45,4.185899806
11/17/2024,10203329.64,124204066.8,102775835.1,12.17289563,10.07277416,2.100121477,46,0.692380866
11/24/2024,10203329.64,108337380.6,91863091.21,10.61784579,9.003246436,1.614599353,47,1.734277284
12/1/2024,10203329.64,76569343.49,80009560.72,7.504348698,7.841514833,-0.337166135,48,-0.248428051
12/8/2024,10203329.64,51345010.5,67043138.24,5.032181877,6.570711778,-1.538529901,49,-0.795666855
12/15/2024,10203329.64,70796249.37,63694601.54,6.938543776,6.242530996,0.69601278,50,0.446484799
12/22/2024,10203329.64,72591261.43,54806885.47,7.114467923,5.371470628,1.742997294,51,0.558424261
12/29/2024,10203329.64,78541600.41,53324506.49,7.69764412,5.226186782,2.471457339,52,2.067888636
1/5/2025,9134409.392,51349067.52,46205086.6,5.956988832,5.014393131,0.942595701,1,0.492245409
1/12/2025,10203329.64,12506268.44,40706676.97,1.225704636,3.989548354,-2.763843718,2,-1.199411615
1/19/2025,10203329.64,25009019.79,40452617.66,2.451064572,3.964648706,-1.513584135,3,-0.487861546
1/26/2025,10203329.64,-12796314.93,40691934.82,-1.254131287,3.988103517,-5.242234804,4,-1.612495496
2/2/2025,10203329.64,65504292.78,39635957.06,6.419893808,3.884610069,2.535283739,5,1.331950641
2/9/2025,10203329.64,83312793.1,41732631.94,8.165255464,4.090099351,4.075156114,6,1.534611365
2/16/2025,10203329.64,48003477.52,52237442.42,4.704687511,5.119646651,-0.41495914,7,-0.170843793
2/23/2025,10203329.64,11552702.51,58484940.46,1.132248288,5.731946583,-4.599698295,8,-1.597875918
3/2/2025,10203329.64,95810074.59,66739891.77,9.390079314,6.540991434,2.84908788,9,2.105556562
3/9/2025,10203329.64,88769278.23,70574100.15,8.700030418,6.916771548,1.78325887,10,1.089104863
3/16/2025,10203329.64,123534165.3,82813020.02,12.10724045,8.116274093,3.990966353,11,1.599593522
3/23/2025,10203329.64,115743079,98814006.56,11.34365772,9.684486344,1.659171377,12,1.20979652
3/30/2025,10203329.64,144894100.4,108166245.7,14.20066836,10.60107333,3.599595027,13,2.112165815
4/6/2025,10203329.64,148988049.6,122686355.1,14.60190495,12.02414893,2.577756026,14,1.787623141
4/13/2025,10203329.64,125297321.4,136915796.6,12.28004248,13.41873697,-1.138694493,15,-0.865633472
4/20/2025,10203329.64,164568776.2,145980192.7,16.12892869,14.30711325,1.821815442,16,0.917313392
4/27/2025,10203329.64,179905538.6,162849041.6,17.63204218,15.96038229,1.671659898,17,1.043886909
5/4/2025,10203329.64,189018001.6,173012077.9,18.52512937,16.95643324,1.56869613,18,1.259944792
5/11/2025,10203329.64,185592083.6,179545611.3,18.18936466,17.59676671,0.592597955,19,0.354184001
5/18/2025,10203329.64,208945030.8,191354883.5,20.47812216,18.75416067,1.723961483,20,1.543964008
5/25/2025,10203329.64,191661834,205606270.2,18.78424404,20.15089951,-1.36665547,21,-1.471082332
6/1/2025,10203329.64,202138219,217191437.9,19.81100544,21.28632961,-1.475324174,22,-2.066228308
